deep_end_lang_ex,en,ru,pt-br,es-es,de,fr-fr,it,pl,zh-cn,jp,ko,,,
option_on,"要得",,,,,,,,"要得",,,,,
option_off,"不要",,,,,,,,"不要",,,,,
menu_yes,"是或否",,,,,,,,"是或否",,,,,
menu_no,"是和否",,,,,,,,"是和否",,,,,
menu_cancel,"我后悔了",,,,,,,,"我后悔了",,,,,
menu_paused,"我会等你的",,,,,,,,"我会等你的",,,,,
menu_continue,"继续受苦",,,,,,,,"继续受苦",,,,,
menu_newgame,"我不行了",,,,,,,,"我不行了",,,,,
menu_progress,"看看你干了什么好事",,,,,,,,"看看你干了什么好事",,,,,
menu_mods,"换点花样",,,,,,,,"换点花样",,,,,
animal_ultimate_killer,"无敌的 勇猛的 性感的 神秘的 迷人的 神气的 勤勉的 强势的 华丽的 激情的 可怕的 漂亮的 强大的 小朋友",,,,,,,,"无敌的 勇猛的 性感的 神秘的 迷人的 神气的 勤勉的 强势的 华丽的 激情的 可怕的 漂亮的 强大的 小朋友",,,,,
ddde_gravity_potion,"重力?重力! \n重力?重力! \n重力?重力! \n",,,,,,,,"重力?重力! \n重力?重力! \n重力?重力! \n",,,,,
ddde_laser_eye,"我的眼睛会发激光! \n我的眼睛会发激光! 我的眼睛会发激光! \n我的眼睛会发激光! 我的眼睛会发激光! 我的眼睛会发激光! \n",,,,,,,,"我的眼睛会发激光! \n我的眼睛会发激光! 我的眼睛会发激光! \n我的眼睛会发激光! 我的眼睛会发激光! 我的眼睛会发激光! \n",,,,,
ddde_hardener,"哦咦~ \n绝不认输! \n绝不认输! \n绝不认输! \n耶一耶~ \n",,,,,,,,"哦咦~ \n绝不认输! \n绝不认输! \n绝不认输! \n耶一耶~ \n",,,,,
action_duplicate,"二叉",,,,,,,,"二叉",,,,,
chest_bad_msg_2,"愉悦送走!",,,,,,,,"愉悦送走!",,,,,
status_satiated00,"咕咕嘎嘎",,,,,,,,"咕咕嘎嘎",,,,,
status_satiated01,"有点弱",,,,,,,,"有点弱",,,,,
status_satiated02,"有点强",,,,,,,,"有点强",,,,,
status_satiated03,",,,虽,,,",,,,,,,,",,,虽,,,",,,,,
status_satiated04,"抢救?!",,,,,,,,"抢救?!",,,,,
status_satiated05,"我再也不会笑了",,,,,,,,"我再也不会笑了",,,,,
status_satiated06,"男的来了女的来了",,,,,,,,"男的来了女的来了",,,,,
deep_end_translations_ex,"深渊",,,,,,,,"深渊",,,,,
