deep_end_lang,en,ru,pt-br,es-es,de,fr-fr,it,pl,zh-cn,jp,ko,,,
deep_end_pos_broadcast_1,"当前坐标: ",,,,,,,,"当前坐标: ",,,,,
deep_end_pos_broadcast_2,"光标坐标: ",,,,,,,,"光标坐标: ",,,,,
DASH,"冲刺教程",,,,,,,,"冲刺教程",,,,,
dDASH,"双击左或者右方向键来冲刺!",,,,,,,,"双击左或者右方向键来冲刺!",,,,,
tDASH,"浮空能量不足!",,,,,,,,"浮空能量不足!",,,,,
MONEY_SHIELD,"黄金镀层",,,,,,,,"黄金镀层",,,,,
dMONEY_SHIELD,"受伤时消耗金钱抵消 (10金钱/1伤害, 不受免疫和承伤影响) \n将金钱设置为一万, 无法再吸收金粉",,,,,,,,"受伤时消耗金钱抵消 (10金钱/1伤害, 不受免疫和承伤影响) \n将金钱设置为一万, 无法再吸收金粉",,,,,
dPROTECTION_FIRE,"免疫火焰伤害和冻结效果。",,,,,,,,"免疫火焰伤害和冻结效果。",,,,,
dPROTECTION_RADIOACTIVITY,"免疫毒素伤害和食物中毒效果。",,,,,,,,"免疫毒素伤害和食物中毒效果。",,,,,
dPROJECTILE_HOMING,"获得三张被动追踪法术",,,,,,,,"获得三张被动追踪法术",,,,,
dperk_repelling_cape,"沾湿随移动褪去的速率提升, \n移除受伤时的屏幕闪烁。",,,,,,,,"沾湿随移动褪去的速率提升, \n移除受伤时的屏幕闪烁。",,,,,
dperk_no_more_knockback,"被命中时不再会被击晕, \n移除受伤时的屏幕闪烁。",,,,,,,,"被命中时不再会被击晕, \n移除受伤时的屏幕闪烁。",,,,,
dperk_stainless_armour,"没有沾湿时受到的伤害减半, \n移除受伤时的屏幕闪烁。",,,,,,,,"没有沾湿时受到的伤害减半, \n移除受伤时的屏幕闪烁。",,,,,
dX_RAY,"看清一切黑暗, \n宝箱总是包含法术刷新且不再会开出炸弹。",,,,,,,,"看清一切黑暗, \n宝箱总是包含法术刷新且不再会开出炸弹。",,,,,
dNO_MORE_SHUFFLE,"几乎所有魔杖都变为非乱序且不会有负面词缀, \n新生成的敌人无法捡起法杖。",,,,,,,,"几乎所有魔杖都变为非乱序且不会有负面词缀, \n新生成的敌人无法捡起法杖。",,,,,
dLOW_HP_DAMAGE_BOOST,"你的投射物总是会复制",,,,,,,,"你的投射物总是会复制",,,,,
dperk_CRITICAL_HIT,"增加20暴击率, 每个加载的投射物额外+5%。",,,,,,,,"增加20暴击率, 每个加载的投射物额外+5%。",,,,,
dperk_RISKY_CRITICAL,"附近有敌人时, 每个加载的投射物额外提供0~100暴击率。",,,,,,,,"附近有敌人时, 每个加载的投射物额外提供0~100暴击率。",,,,,
dperk_EXTRA_KNOCKBACK,"每个加载的投射物额外提供5投射物伤害并提升少许击退力度。",,,,,,,,"每个加载的投射物额外提供5投射物伤害并提升少许击退力度。",,,,,
dperk_LOWER_SPREAD,"每个加载的投射物额外提供12.5投射物伤害并降低30度散射。",,,,,,,,"每个加载的投射物额外提供12.5投射物伤害并降低30度散射。",,,,,
dperk_LASER_AIM,"获得激光瞄准器, \n每个加载的投射物额外获得1.5倍速度并减少15度散射。",,,,,,,,"获得激光瞄准器, \n每个加载的投射物额外获得1.5倍速度并减少15度散射。",,,,,
dperk_LOW_RECOIL,"显著减少施法后座力。",,,,,,,,"显著减少施法后座力。",,,,,
dperk_BOUNCE,"你的法术获得更多弹跳次数, \n每个加载的投射物额外增加0.4秒存在时间。",,,,,,,,"你的法术获得更多弹跳次数, \n每个加载的投射物额外增加0.4秒存在时间。",,,,,
dperk_FAST_PROJECTILES,"每个加载的投射物额外获得1.5倍速度并降低0.05秒释放延迟。",,,,,,,,"每个加载的投射物额外获得1.5倍速度并降低0.05秒释放延迟。",,,,,
dperk_PROJECTILE_REPULSION,"排斥附近的投射物, \n额外受到10%的投射物伤害。",,,,,,,,"排斥附近的投射物, \n额外受到10%的投射物伤害。",,,,,
dgold_is_forever,"金块存在时间延长, \n自动拾取附近的金块。",,,,,,,,"金块存在时间延长, \n自动拾取附近的金块。",,,,,
dradar_wand,"感知附近的法杖和物品。",,,,,,,,"感知附近的法杖和物品。",,,,,
dglass_cannon,"你决定跟敌人爆了!! \n(5倍输出 4倍受伤)",,,,,,,,"你决定跟敌人爆了!! \n(5倍输出 4倍受伤)",,,,,
dorbit,"投射物有概率以相位形式穿越你, \n额外受到10%的投射物伤害。",,,,,,,,"投射物有概率以相位形式穿越你, \n额外受到10%的投射物伤害。",,,,,
dno_wand_editing,"无法编辑魔杖, \n但敌人总是掉落血金。",,,,,,,,"无法编辑魔杖, \n但敌人总是掉落血金。",,,,,
dbreath_underwater,"不再窒息, \n获得25%的毒素和毒液抗性。",,,,,,,,"不再窒息, \n获得25%的毒素和毒液抗性。",,,,,
dprojectile_homing_shooter,"你的法术将追踪自己, \n每个加载的投射物额外获得1.6倍速度, 0.2秒存在时间和20伤害。",,,,,,,,"你的法术将追踪自己, \n每个加载的投射物额外获得1.6倍速度, 0.2秒存在时间和20伤害。",,,,,
dgas_fire,"你附近的气体自动燃烧, \n获得25%的火焰和冰冻抗性。",,,,,,,,"你附近的气体自动燃烧, \n获得25%的火焰和冰冻抗性。",,,,,
ddissolve_powders,"你附近的粉末自动消融, \n获得25%的毒素和毒液抗性。",,,,,,,,"你附近的粉末自动消融, \n获得25%的毒素和毒液抗性。",,,,,
drevenge_rats,"受伤将召唤老鼠, \n获得25%的切割和穿凿抗性。",,,,,,,,"受伤将召唤老鼠, \n获得25%的切割和穿凿抗性。",,,,,
dplague_rats,"敌人死亡将释放老鼠, \n获得25%的火焰和冰冻抗性。",,,,,,,,"敌人死亡将释放老鼠, \n获得25%的火焰和冰冻抗性。",,,,,
dvomit_rats,"你附近的呕吐物和尿将转化为老鼠, \n获得25%的毒素和毒液抗性。",,,,,,,,"你附近的呕吐物和尿将转化为老鼠, \n获得25%的毒素和毒液抗性。",,,,,
dangry_ghost,"召唤复制投射物的幽灵, \n获得25%的火焰和冰冻抗性。",,,,,,,,"召唤复制投射物的幽灵, \n获得25%的火焰和冰冻抗性。",,,,,
dhungry_ghost,"召唤偷吃投射物的幽灵, \n获得25%的毒素和毒液抗性。",,,,,,,,"召唤偷吃投射物的幽灵, \n获得25%的毒素和毒液抗性。",,,,,
ddeath_ghost,"敌人死亡将释放幽灵, \n获得25%的切割和穿凿抗性。",,,,,,,,"敌人死亡将释放幽灵, \n获得25%的切割和穿凿抗性。",,,,,
dpeace_with_steve,"神打算无视你的暴行, \n后续圣山的宝箱将不再需要捐款, \n额外获得25%的神圣和诅咒抗性。",,,,,,,,"神打算无视你的暴行, \n后续圣山的宝箱将不再需要捐款, \n额外获得25%的神圣和诅咒抗性。",,,,,
dbleed_slime,"受伤将流出黏液, \n获得25%的切割, 穿凿和投射物抗性。",,,,,,,,"受伤将流出黏液, \n获得25%的切割, 穿凿和投射物抗性。",,,,,
drevenge_explosion,"受伤释放爆炸反击, \n获得25%的火焰, 冰冻和爆炸抗性。",,,,,,,,"受伤释放爆炸反击, \n获得25%的火焰, 冰冻和爆炸抗性。",,,,,
drevenge_tentacle,"受伤释放触手反击, \n获得25%的切割, 穿凿和投射物抗性。",,,,,,,,"受伤释放触手反击, \n获得25%的切割, 穿凿和投射物抗性。",,,,,
drevenge_bullet,"受伤反击投射物, \n获得25%的投射物和爆炸抗性。",,,,,,,,"受伤反击投射物, \n获得25%的投射物和爆炸抗性。",,,,,
dworm_smaller_holes,"蠕虫和蜘蛛不再大规模破坏地形, \n获得25%的毒素, 火焰和近战抗性。",,,,,,,,"蠕虫和蜘蛛不再大规模破坏地形, \n获得25%的毒素, 火焰和近战抗性。",,,,,
dworm_attractor,"蠕虫们对你一见钟情, \n但你将免疫近战伤害。",,,,,,,,"蠕虫们对你一见钟情, \n但你将免疫近战伤害。",,,,,
dextra_slots,"你屏幕内的所有魔杖都增加3~8格容量。 \n(每根魔杖最多30)",,,,,,,,"你屏幕内的所有魔杖都增加3~8格容量。 \n(每根魔杖最多30)",,,,,
dextra_perk,"新的圣山将生成一个额外天赋选项, \n刷新天赋价格更低。",,,,,,,,"新的圣山将生成一个额外天赋选项, \n刷新天赋价格更低。",,,,,
dextra_shop_item,"新的圣山将出售更多商品, \n立即生成一把免费的魔杖。",,,,,,,,"新的圣山将出售更多商品, \n立即生成一把免费的魔杖。",,,,,
dextra_potion_capacity,"所有瓶子的容量翻倍, \n立即生成一瓶粥, 哦耶!",,,,,,,,"所有瓶子的容量翻倍, \n立即生成一瓶粥, 哦耶!",,,,,
dgamble,"获得1~5个随机天赋!",,,,,,,,"获得1~5个随机天赋!",,,,,
dstrong_kick,"你的踢击会更强而有力, \n猛到能撕裂空气……",,,,,,,,"你的踢击会更强而有力, \n猛到能撕裂空气……",,,,,
STARDUST DRAGON,"星尘龙",,,,,,,,"星尘龙",,,,,
dSTARDUST DRAGON,"召唤一条星尘龙为你而战! (不蠢)",,,,,,,,"召唤一条星尘龙为你而战! (不蠢)",,,,,
dalways_cast,"将你背包里的一个法术作为始终施放添加到你手中的魔杖。 \n(每根魔杖最多7个)",,,,,,,,"将你背包里的一个法术作为始终施放添加到你手中的魔杖。 \n(每根魔杖最多7个)",,,,,
Abyss,"真正的深渊(测试版)",,,,,,,,"真正的深渊(测试版)",,,,,
dAbyss,"拼尽全力...活下去!",,,,,,,,"拼尽全力...活下去!",,,,,
dAbyss_0,"一股神秘的力量阻止了你被秒杀",,,,,,,,"一股神秘的力量阻止了你被秒杀",,,,,
dAbyss_1,"祝你好运...",,,,,,,,"祝你好运...",,,,,
dAbyss_2,"这是一个弱肉强食的世界!",,,,,,,,"这是一个弱肉强食的世界!",,,,,
mAbyss,"这不是给你的!",,,,,,,,"这不是给你的!",,,,,
chest_bad_msg_1,"快跑!!!",,,,,,,,"快跑!!!",,,,,
chest_bad_msg_2,"超级传送!!!",,,,,,,,"超级传送!!!",,,,,
chest_bad_msg_13,"异界降临!!!",,,,,,,,"异界降临!!!",,,,,
deep_end_open_chest_steel_1,"你窃取了科技的瑰宝",,,,,,,,"你窃取了科技的瑰宝",,,,,
deep_end_open_chest_steel_2,"机械造物变得更加残暴",,,,,,,,"机械造物变得更加残暴",,,,,
abyss_cost_of_greed_1,"深渊拒绝了你",,,,,,,,"深渊拒绝了你",,,,,
abyss_cost_of_greed_2,"涅奥的祝福无法被带到深渊!",,,,,,,,"涅奥的祝福无法被带到深渊!",,,,,
deep_end_perk_map,"??¿?¿",,,,,,,,"??¿?¿",,,,,
deep_end_map_perk,"?¿?¿ ¿?¿¿¿¿",,,,,,,,"?¿?¿ ¿?¿¿¿¿",,,,,
HEALTH,"诅咒的心脏",,,,,,,,"诅咒的心脏",,,,,
WEALTH,"诅咒的财宝",,,,,,,,"诅咒的财宝",,,,,
STRENGTH,"诅咒的魔杖",,,,,,,,"诅咒的魔杖",,,,,
dHEALTH,"圣山的完全回复额外提升10%生命上限, \n但第一个圣山不会有任何资源",,,,,,,,"圣山的完全回复额外提升10%生命上限, \n但第一个圣山不会有任何资源",,,,,
dWEALTH,"生成三个宝箱, \n但在击杀66个造物前不能被治疗",,,,,,,,"生成三个宝箱, \n但在击杀66个造物前不能被治疗",,,,,
dSTRENGTH,"拾取新的法杖时给予6秒暴击增强, 血量低于25%时获得三倍输出。 \n但刷新天赋价格翻倍",,,,,,,,"拾取新的法杖时给予6秒暴击增强, 血量低于25%时获得三倍输出。 \n但刷新天赋价格翻倍",,,,,
perk_CHAOS,"氵昆 氵屯 。。。",,,,,,,,"氵昆 氵屯 。。。",,,,,
dCHAOS,"锟斤拷烫烫烫",,,,,,,,"锟斤拷烫烫烫",,,,,
perk_DE_DUPLICATE,"裂变",,,,,,,,"裂变",,,,,
dDE_DUPLICATE,"复制你的所有天赋, \n随机失去一半天赋并重选一个特殊天赋!",,,,,,,,"复制你的所有天赋, \n随机失去一半天赋并重选一个特殊天赋!",,,,,
perk_curse_kill_count,"解除诅咒所剩的击杀数: ",,,,,,,,"解除诅咒所剩的击杀数: ",,,,,
perk_curse_kill_completed,"财宝带来的诅咒已经散去!",,,,,,,,"财宝带来的诅咒已经散去!",,,,,
betaCHAOS,"敬请期待...",,,,,,,,"敬请期待...",,,,,
dpCHAOS_1,"神明非常诧异",,,,,,,,"神明非常诧异",,,,,
dpCHAOS_2,"你看上去...棒极了!",,,,,,,,"你看上去...棒极了!",,,,,
effect_crazy_sausage,"你在偷吃香肠.",,,,,,,,"你在偷吃香肠.",,,,,
dcrazy_sausage,"你吃香肠撑死了.",,,,,,,,"你吃香肠撑死了.",,,,,
denchantment_field,"附魔之环",,,,,,,,"附魔之环",,,,,
ddenchantment_field,"强化范围内的所有施法者",,,,,,,,"强化范围内的所有施法者",,,,,
dguidance_field,"牵引之环",,,,,,,,"牵引之环",,,,,
ddguidance_field,"捕获投射物并在一段时间后射出",,,,,,,,"捕获投射物并在一段时间后射出",,,,,
dassimilation_field,"吸收之环",,,,,,,,"吸收之环",,,,,
ddassimilation_field,"吸收范围内的所有投射物 定时释放储存的伤害",,,,,,,,"吸收范围内的所有投射物 定时释放储存的伤害",,,,,
dcircle_fart,"臭屁之环?",,,,,,,,"臭屁之环?",,,,,
dcircle_sewll,"膨胀之环?",,,,,,,,"膨胀之环?",,,,,
dcircle_nightmare,"噩梦之环",,,,,,,,"噩梦之环",,,,,
dcircle_death,"死亡之环?",,,,,,,,"死亡之环?",,,,,
ddcircle_wtf,"嗯...",,,,,,,,"嗯...",,,,,
daction_wall,"伤害敌人的粒子屏障!",,,,,,,,"伤害敌人的粒子屏障!",,,,,
dcloud_fire,"莫洛托夫云",,,,,,,,"莫洛托夫云",,,,,
dcloud_pus,"脓浆云",,,,,,,,"脓浆云",,,,,
dcloud_blood,"血腥云",,,,,,,,"血腥云",,,,,
dcloud_pee,"尿液云",,,,,,,,"尿液云",,,,,
dcloud_na,"灾难云",,,,,,,,"灾难云",,,,,
ddcloud_passive,"无需天气预报!",,,,,,,,"无需天气预报!",,,,,
dsuper_teleport_cast,"使投射物远闪跃一段距离并瞬间消散",,,,,,,,"使投射物远闪跃一段距离并瞬间消散",,,,,
SCATTER_32,"三十二重散射施法",,,,,,,,"三十二重散射施法",,,,,
dSCATTER_32,"同时施放32个法术，但大幅增加散射",,,,,,,,"同时施放32个法术，但大幅增加散射",,,,,
SINGLE_SHAPE,"阵型 - 收敛",,,,,,,,"阵型 - 收敛",,,,,
dSINGLE_SHAPE,"令投射物在一度角内均匀分布",,,,,,,,"令投射物在一度角内均匀分布",,,,,
INF_SHOT,"复制法术-穷尽",,,,,,,,"复制法术-穷尽",,,,,
dINF_SHOT,"消耗相应法力射出投射物的复制品, 直到法力不足",,,,,,,,"消耗相应法力射出投射物的复制品, 直到法力不足",,,,,
HERITABLE_BULLET,"遗传火花",,,,,,,,"遗传火花",,,,,
dHERITABLE_BULLET,"触发的法术能继承其修正效果的火花弹",,,,,,,,"触发的法术能继承其修正效果的火花弹",,,,,
MULT_TRIGGER,"装填触发",,,,,,,,"装填触发",,,,,
dMULT_TRIGGER,"复制投射物并抽取三次 令复制品在碰撞时施放每次抽取的结果",,,,,,,,"复制投射物并抽取三次 令复制品在碰撞时施放每次抽取的结果",,,,,
MULT_TIMER,"装填定时触发",,,,,,,,"装填定时触发",,,,,
dMULT_TIMER,"复制投射物并抽取三次 令复制品定时施放每次抽取的结果",,,,,,,,"复制投射物并抽取三次 令复制品定时施放每次抽取的结果",,,,,
MULT_DEATH,"装填失效触发",,,,,,,,"装填失效触发",,,,,
dMULT_DEATH,"复制投射物并抽取三次 令复制品在失效时施放每次抽取的结果",,,,,,,,"复制投射物并抽取三次 令复制品在失效时施放每次抽取的结果",,,,,
CAST_FOLD,"休止",,,,,,,,"休止",,,,,
dCAST_FOLD,"后续法术不会再进行抽取 重复释放将立即停止本次施法的抽取",,,,,,,,"后续法术不会再进行抽取 重复释放将立即停止本次施法的抽取",,,,,
BUCKSHOT_TRIGGER_3,"三联复式触发魔弹",,,,,,,,"三联复式触发魔弹",,,,,
dBUCKSHOT_TRIGGER_3,"在三种不同条件触发法术的三联魔弹",,,,,,,,"在三种不同条件触发法术的三联魔弹",,,,,
GLOWING_BOLT_WITH_TIMER_2,"双重定时聚爆光束",,,,,,,,"双重定时聚爆光束",,,,,
dGLOWING_BOLT_WITH_TIMER_2,"极度凝聚的一道光束，在定时结束后释放两个法术",,,,,,,,"极度凝聚的一道光束，在定时结束后释放两个法术",,,,,
LIGHTNING_DEATH_TRIGGER_2,"二重失效触发闪电",,,,,,,,"二重失效触发闪电",,,,,
dLIGHTNING_DEATH_TRIGGER_2,"在失效时释放两个法术的闪电",,,,,,,,"在失效时释放两个法术的闪电",,,,,
BALL_LIGHTNING_TIMER,"三重定时球状闪电",,,,,,,,"三重定时球状闪电",,,,,
dBALL_LIGHTNING_TIMER,"在定时结束后释放三个法术的短射程带电球体",,,,,,,,"在定时结束后释放三个法术的短射程带电球体",,,,,
DISC_BULLET_BIGGER_TRIGGER,"失效触发终极锯片",,,,,,,,"失效触发终极锯片",,,,,
dDISC_BULLET_BIGGER_TRIGGER,"在失效时释放法术的终极锯片",,,,,,,,"在失效时释放法术的终极锯片",,,,,
MIST_RADIOACTIVE_TIMER,"定时毒雾",,,,,,,,"定时毒雾",,,,,
dMIST_RADIOACTIVE_TIMER,"一团剧毒的雾气，在定时结束后释放另一法术",,,,,,,,"一团剧毒的雾气，在定时结束后释放另一法术",,,,,
MIST_ALCOHOL_TIMER,"定时酒雾",,,,,,,,"定时酒雾",,,,,
dMIST_ALCOHOL_TIMER,"一团烈酒组成的雾气，在定时结束后释放另一法术",,,,,,,,"一团烈酒组成的雾气，在定时结束后释放另一法术",,,,,
MIST_SLIME_TIMER,"定时黏液雾",,,,,,,,"定时黏液雾",,,,,
dMIST_SLIME_TIMER,"一团黏糊糊的雾气，在定时结束后释放另一法术",,,,,,,,"一团黏糊糊的雾气，在定时结束后释放另一法术",,,,,
MIST_BLOOD_TIMER,"定时血雾",,,,,,,,"定时血雾",,,,,
dMIST_BLOOD_TIMER,"一团充满血腥味的雾气，在定时结束后释放另一法术",,,,,,,,"一团充满血腥味的雾气，在定时结束后释放另一法术",,,,,
DEATH_CROSS_TRIGGER,"失效触发死亡十字",,,,,,,,"失效触发死亡十字",,,,,
dDEATH_CROSS_TRIGGER,"在失效时释放法术的致命能量十字",,,,,,,,"在失效时释放法术的致命能量十字",,,,,
METASTABLE_ARC,"亚稳态追踪",,,,,,,,"亚稳态追踪",,,,,
dMETASTABLE_ARC,"让投射物大致朝着你一开始发射的方向加速前进",,,,,,,,"让投射物大致朝着你一开始发射的方向加速前进",,,,,
PUTREFY,"腐化",,,,,,,,"腐化",,,,,
dPUTREFY,"恶毒的咒语",,,,,,,,"恶毒的咒语",,,,,
METALLIZATION,"金属化",,,,,,,,"金属化",,,,,
dMETALLIZATION,"血肉的时代 结束了",,,,,,,,"血肉的时代 结束了",,,,,
HITFX_MIDAS,"贪婪之手",,,,,,,,"贪婪之手",,,,,
dHITFX_MIDAS,"令濒死的敌人化为黄金",,,,,,,,"令濒死的敌人化为黄金",,,,,
SLIVER_BULLET,"银色子弹",,,,,,,,"银色子弹",,,,,
dSLIVER_BULLET,"使大型敌人受到多倍伤害",,,,,,,,"使大型敌人受到多倍伤害",,,,,
F_T_L,"超越光速",,,,,,,,"超越光速",,,,,
dF_T_L,"以音速射下它们!",,,,,,,,"以音速射下它们!",,,,,
HEMOKINESIS,"御血术",,,,,,,,"御血术",,,,,
dHEMOKINESIS,"操纵周围的血液攻击目标",,,,,,,,"操纵周围的血液攻击目标",,,,,
HAEMOSPASIA,"放血",,,,,,,,"放血",,,,,
dHAEMOSPASIA,"受到4点伤害并让你暂时获得五倍的法术伤害和爆炸范围",,,,,,,,"受到4点伤害并让你暂时获得五倍的法术伤害和爆炸范围",,,,,
RAPE,"死亡收割",,,,,,,,"死亡收割",,,,,
dRAPE,"流失4点伤害, 被击中敌人死亡时治疗自己",,,,,,,,"流失4点伤害, 被击中敌人死亡时治疗自己",,,,,
HEAVENLY_WRATH,"神之怒",,,,,,,,"神之怒",,,,,
dHEAVENLY_WRATH,"忏悔吧!",,,,,,,,"忏悔吧!",,,,,
ICEY_LANCE,"冰枪术",,,,,,,,"冰枪术",,,,,
dICEY_LANCE,"冻彻心扉",,,,,,,,"冻彻心扉",,,,,
CHAIN_BLAST,"级联爆炸",,,,,,,,"级联爆炸",,,,,
dCHAIN_BLAST,"爆炸,爆炸,再爆炸...",,,,,,,,"爆炸,爆炸,再爆炸...",,,,,
PRECISE_HUNT,"精准猎手",,,,,,,,"精准猎手",,,,,
dPRECISE_HUNT,"被击中的敌人额外受到暴击率0.25倍的伤害",,,,,,,,"被击中的敌人额外受到暴击率0.25倍的伤害",,,,,
SPLASH,"溅射",,,,,,,,"溅射",,,,,
dSPLASH,"在投射物消失时对附近敌人溅射投射物伤害, 伤害随溅射数量衰减",,,,,,,,"在投射物消失时对附近敌人溅射投射物伤害, 伤害随溅射数量衰减",,,,,
SALVO,"齐射",,,,,,,,"齐射",,,,,
dSALVO,"平行射出投射物的两个复制品",,,,,,,,"平行射出投射物的两个复制品",,,,,
HOOK_V2,"攀岩钩爪",,,,,,,,"攀岩钩爪",,,,,
dHOOK_V2,"登山专用! 不登山的时候也可以用?",,,,,,,,"登山专用! 不登山的时候也可以用?",,,,,
TELEPORT_PROJECTILE_V2,"传送2.0",,,,,,,,"传送2.0",,,,,
dTELEPORT_PROJECTILE_V2,"面对面快传!",,,,,,,,"面对面快传!",,,,,
SHOCKWAVE,"震荡波",,,,,,,,"震荡波",,,,,
dSHOCKWAVE,"使敌人瘫痪",,,,,,,,"使敌人瘫痪",,,,,
dMINE_DEATH_TRIGGER,"二重失效触发不稳晶体",,,,,,,,"二重失效触发不稳晶体",,,,,
ddMINE_DEATH_TRIGGER,"在失效时释放两个法术的不稳晶体",,,,,,,,"在失效时释放两个法术的不稳晶体",,,,,
dPIPE_BOMB_DEATH_TRIGGER,"二重失效触发休眠晶体",,,,,,,,"二重失效触发休眠晶体",,,,,
ddPIPE_BOMB_DEATH_TRIGGER,"在失效时释放两个法术的休眠晶体",,,,,,,,"在失效时释放两个法术的休眠晶体",,,,,
dFIREBALL_RAY_LINE,"双向烟花发射器",,,,,,,,"双向烟花发射器",,,,,
ddFIREBALL_RAY_LINE,"令投射物在垂直两侧发射烟花",,,,,,,,"令投射物在垂直两侧发射烟花",,,,,
pus_to_oil,"化脓为油",,,,,,,,"化脓为油",,,,,
dpus_to_oil,"令投射物周围的所有脓液化为油",,,,,,,,"令投射物周围的所有脓液化为油",,,,,
dUNSTABLE_GUNPOWDER,"水化",,,,,,,,"水化",,,,,
ddUNSTABLE_GUNPOWDER,"令投射物在爆炸时释放水",,,,,,,,"令投射物在爆炸时释放水",,,,,
dEXP_MAT_TOXIC,"泄露",,,,,,,,"泄露",,,,,
ddEXP_MAT_TOXIC,"令投射物在爆炸时释放绿毒",,,,,,,,"令投射物在爆炸时释放绿毒",,,,,
dEXP_MAT_FUNGI,"共生",,,,,,,,"共生",,,,,
ddEXP_MAT_FUNGI,"令投射物在爆炸时释放真菌血液",,,,,,,,"令投射物在爆炸时释放真菌血液",,,,,
dARC_GUNPOWDER,"浇筑",,,,,,,,"浇筑",,,,,
ddARC_GUNPOWDER,"令投射物在爆炸时释放混凝土",,,,,,,,"令投射物在爆炸时释放混凝土",,,,,
dEXP_MAT_COAL,"凝炼",,,,,,,,"凝炼",,,,,
ddEXP_MAT_COAL,"令投射物在爆炸时释放煤矿",,,,,,,,"令投射物在爆炸时释放煤矿",,,,,
dGUNPOWDER_TRAIL,"冰冷轨迹",,,,,,,,"冰冷轨迹",,,,,
ddGUNPOWDER_TRAIL,"保持高冷",,,,,,,,"保持高冷",,,,,
dWATER_TRAIL,"净化轨迹",,,,,,,,"净化轨迹",,,,,
ddWATER_TRAIL,"保持纯洁",,,,,,,,"保持纯洁",,,,,
dOIL_TRAIL,"神秘轨迹",,,,,,,,"神秘轨迹",,,,,
ddOIL_TRAIL,"保持癫狂",,,,,,,,"保持癫狂",,,,,
dACID_TRAIL,"财富轨迹",,,,,,,,"财富轨迹",,,,,
ddACID_TRAIL,"保持富裕",,,,,,,,"保持富裕",,,,,
ddSLOW_BUT_STEADY,"消除当前后座力, 根据原后座力调整充能时间",,,,,,,,"消除当前后座力, 根据原后座力调整充能时间",,,,,
dmana_reduce,"获得20法力, 总法力低于100额外获得10点",,,,,,,,"获得20法力, 总法力低于100额外获得10点",,,,,
dblood_magic,"流失4点生命值, 获得1000法力",,,,,,,,"流失4点生命值, 获得1000法力",,,,,
TENTACLE_HAND,"阴郁之手",,,,,,,,"阴郁之手",,,,,
dTENTACLE_HAND,"拥抱黑暗的力量",,,,,,,,"拥抱黑暗的力量",,,,,
TENTACLE_VINE,"魔豆",,,,,,,,"魔豆",,,,,
dTENTACLE_VINE,"伸出藤蔓抽打敌人",,,,,,,,"伸出藤蔓抽打敌人",,,,,
DARKBEAM,"净化光束",,,,,,,,"净化光束",,,,,
dDARKBEAM,"净化一切的神圣?光束",,,,,,,,"净化一切的神圣?光束",,,,,
TR_PRISMA,"棱镜剑",,,,,,,,"棱镜剑",,,,,
dTR_PRISMA,"永久损失25最大血量, 召唤一把棱镜剑, 最多七把 (拾取法术以开关攻击ai)",,,,,,,,"永久损失25最大血量, 召唤一把棱镜剑, 最多七把 (拾取法术以开关攻击ai)",,,,,
ddTR_PRISMA,"血量不足!",,,,,,,,"血量不足!",,,,,
DIPLOMANA,"双倍法力",,,,,,,,"双倍法力",,,,,
dDIPLOMANA,"翻倍当前法力, 每6法力增加0.1s释放延迟",,,,,,,,"翻倍当前法力, 每6法力增加0.1s释放延迟",,,,,
ddCOLOUR_INVIS,"将投射物隐形",,,,,,,,"将投射物隐形",,,,,
ddCOLOUR,"将投射物的粒子效果替换为对应颜色",,,,,,,,"将投射物的粒子效果替换为对应颜色",,,,,
TELEPORT_PROJECTILE_GRENADE,"传送榴弹",,,,,,,,"传送榴弹",,,,,
dTELEPORT_PROJECTILE_GRENADE,"好吃又好玩?!",,,,,,,,"好吃又好玩?!",,,,,
TELEPORT_PROJECTILE_LIGHTNING,"传送闪击",,,,,,,,"传送闪击",,,,,
dTELEPORT_PROJECTILE_LIGHTNING,"撕裂空间的传送魔弹",,,,,,,,"撕裂空间的传送魔弹",,,,,
GUIDE_MISSILE,"星辉飞弹",,,,,,,,"星辉飞弹",,,,,
dGUIDE_MISSILE,"自主索敌的低速导弹",,,,,,,,"自主索敌的低速导弹",,,,,
THERMAL_IMPACT,"磷弹",,,,,,,,"磷弹",,,,,
dTHERMAL_IMPACT,"融化一切!",,,,,,,,"融化一切!",,,,,
CASCADING_STORM,"层叠风暴",,,,,,,,"层叠风暴",,,,,
dCASCADING_STORM,"高度危险的电弧",,,,,,,,"高度危险的电弧",,,,,
BLOODY_THORN,"血荆棘",,,,,,,,"血荆棘",,,,,
dBLOODY_THORN,"致命的缠绕",,,,,,,,"致命的缠绕",,,,,
GHOSTY_BULLET,"鬼火精灵",,,,,,,,"鬼火精灵",,,,,
dGHOSTY_BULLET,"别怕!",,,,,,,,"别怕!",,,,,
SNIPER_BULLET,"狙击弹",,,,,,,,"狙击弹",,,,,
dSNIPER_BULLET,"时代变了!",,,,,,,,"时代变了!",,,,,
SNIPER_BULLET_TRIGGER,"三重触发狙击弹",,,,,,,,"三重触发狙击弹",,,,,
dSNIPER_BULLET_TRIGGER,"时代没变!",,,,,,,,"时代没变!",,,,,
SNIPER_BULLET_TRIGGER_MULT,"三重复合触发狙击弹",,,,,,,,"三重复合触发狙击弹",,,,,
dSNIPER_BULLET_TRIGGER_MULT,"时代到底变了没!",,,,,,,,"时代到底变了没!",,,,,
LASER_TURRET,"镭射冲击",,,,,,,,"镭射冲击",,,,,
dLASER_TURRET,"biu~",,,,,,,,"biu~",,,,,
SOLDIERSHIT,"传奇混伤王",,,,,,,,"传奇混伤王",,,,,
dSOLDIERSHIT,"那我问你 那我问你 那我问你 那我问你",,,,,,,,"那我问你 那我问你 那我问你 那我问你",,,,,
SOLDIERSHIT_TRIGGER,"传奇四重触发混伤王",,,,,,,,"传奇四重触发混伤王",,,,,
dSOLDIERSHIT_TRIGGER,"那... 那我.. 那我问. 那我问你",,,,,,,,"那... 那我.. 那我问. 那我问你",,,,,
STICKY_BOMB,"粘性炸弹",,,,,,,,"粘性炸弹",,,,,
dSTICKY_BOMB,"使命必达!",,,,,,,,"使命必达!",,,,,
BOUNCY_BOMB,"弹性炸弹",,,,,,,,"弹性炸弹",,,,,
dBOUNCY_BOMB,"你到底要去哪儿?",,,,,,,,"你到底要去哪儿?",,,,,
DARK_SWORD,"黑暗剑",,,,,,,,"黑暗剑",,,,,
dDARK_SWORD,"根据你已损失的生命值和总杀敌数对击中的敌人造成额外伤害",,,,,,,,"根据你已损失的生命值和总杀敌数对击中的敌人造成额外伤害",,,,,
ORDER,"轰炸指令",,,,,,,,"轰炸指令",,,,,
dORDER,"让我们炸翻天!",,,,,,,,"让我们炸翻天!",,,,,
UAV,"支援射击",,,,,,,,"支援射击",,,,,
dUAV,"给我干哪来了?",,,,,,,,"给我干哪来了?",,,,,
INF_TRAIN,"高速列车",,,,,,,,"高速列车",,,,,
dINF_TRAIN,"闪开!!!! (被动: 近战反击 免疫冻结和麻痹)",,,,,,,,"闪开!!!! (被动: 近战反击 免疫冻结和麻痹)",,,,,
ddINF_TRAIN_1,"距发车还剩: ",,,,,,,,"距发车还剩: ",,,,,
ddINF_TRAIN_2,"秒, 本列车厢数: ",,,,,,,,"秒, 本列车厢数: ",,,,,
CLEAVE,"劈斩",,,,,,,,"劈斩",,,,,
dCLEAVE,"一刀两断!",,,,,,,,"一刀两断!",,,,,
SLASH_DOWN,"十字斩",,,,,,,,"十字斩",,,,,
dSLASH_DOWN,"切蛋糕的时候很好用!",,,,,,,,"切蛋糕的时候很好用!",,,,,
THRUST,"百万刺击",,,,,,,,"百万刺击",,,,,
dTHRUST,"戳戳戳",,,,,,,,"戳戳戳",,,,,
dMETEOR_RAIN,"想看烟火吗?",,,,,,,,"想看烟火吗?",,,,,
dWORM_RAIN,"蠕虫时间到!",,,,,,,,"蠕虫时间到!",,,,,
dSWARM_FLY,"根据加载的投射物数量召唤飞虫伙伴",,,,,,,,"根据加载的投射物数量召唤飞虫伙伴",,,,,
dSWARM_WASP,"受到伤害或治疗时召唤黄蜂伙伴",,,,,,,,"受到伤害或治疗时召唤黄蜂伙伴",,,,,
RAT_SUMMON,"鼠群",,,,,,,,"鼠群",,,,,
dRAT_SUMMON,"老鼠和我过夜",,,,,,,,"老鼠和我过夜",,,,,
SNIPERSCOPE,"精准打击",,,,,,,,"精准打击",,,,,
dSNIPERSCOPE,"施法时将会在光标附近展开协同狙击",,,,,,,,"施法时将会在光标附近展开协同狙击",,,,,
FLOATING_WANNO,"浮游魔炮",,,,,,,,"浮游魔炮",,,,,
dFLOATING_WANNO,"根据加载的投射物数量协同射击",,,,,,,,"根据加载的投射物数量协同射击",,,,,
SOAHC_ARC_PASSIVE,"混沌华尔兹",,,,,,,,"混沌华尔兹",,,,,
DEATH_RAY_TORCH,"紫外火把",,,,,,,,"紫外火把",,,,,
dDEATH_RAY_TORCH,"记得戴墨镜 (手持时免疫冻结)",,,,,,,,"记得戴墨镜 (手持时免疫冻结)",,,,,
GHOSTY_TORCH,"幽灵火把",,,,,,,,"幽灵火把",,,,,
dGHOSTY_TORCH,"阿..嚏!! (手持时免疫冻结)",,,,,,,,"阿..嚏!! (手持时免疫冻结)",,,,,
dTORCH,"开灯了 (手持时免疫冻结)",,,,,,,,"开灯了 (手持时免疫冻结)",,,,,
dTORCH_ELECTRIC,"倒数第一也是第一! (手持时免疫麻痹)",,,,,,,,"倒数第一也是第一! (手持时免疫麻痹)",,,,,
LASER_AIM,"激光瞄准器",,,,,,,,"激光瞄准器",,,,,
dLASER_AIM,"谁还需要倍镜呢",,,,,,,,"谁还需要倍镜呢",,,,,
ENERGY_SHIELD_SATELLITE,"能量卫星盾",,,,,,,,"能量卫星盾",,,,,
dENERGY_SHIELD_SATELLITE,"你在保护谁?",,,,,,,,"你在保护谁?",,,,,
ENERGY_SHIELD_BACK,"能量后盾",,,,,,,,"能量后盾",,,,,
dENERGY_SHIELD_BACK,"把你的背后交给我!",,,,,,,,"把你的背后交给我!",,,,,
ENERGY_SHIELD_POD,"能量荚盾",,,,,,,,"能量荚盾",,,,,
dENERGY_SHIELD_POD,"谁家贝壳..",,,,,,,,"谁家贝壳..",,,,,
HOMING_PASSIVE,"被动追踪",,,,,,,,"被动追踪",,,,,
dHOMING_PASSIVE,"你的投射物获得追踪 (无论通过何种途径发射)",,,,,,,,"你的投射物获得追踪 (无论通过何种途径发射)",,,,,
DAMAGE_TO_TIME,"力量转时间",,,,,,,,"力量转时间",,,,,
dDAMAGE_TO_TIME,"根据投射物伤害加成增加额外存在时间",,,,,,,,"根据投射物伤害加成增加额外存在时间",,,,,
GFUEL,"肾上腺素",,,,,,,,"肾上腺素",,,,,
dGFUEL,"来劲了 兄弟!",,,,,,,,"来劲了 兄弟!",,,,,
CHARGE,"魔力吞吐",,,,,,,,"魔力吞吐",,,,,
dCHARGE,"根据法力调整射速 消耗一半法力 法杖的法力恢复增加一倍",,,,,,,,"根据法力调整射速 消耗一半法力 法杖的法力恢复增加一倍",,,,,
ddCHARGE,"就像年轻了一千岁..我是说你的法杖",,,,,,,,"就像年轻了一千岁..我是说你的法杖",,,,,
CAPE_PURIFY,"净化术",,,,,,,,"净化术",,,,,
dCAPE_PURIFY,"净化你的斗篷",,,,,,,,"净化你的斗篷",,,,,
SAKUYA,"女仆秘技",,,,,,,,"女仆秘技",,,,,
dSAKUYA,"完美潇洒! (被动：你的大部分法术不再伤害你自己)",,,,,,,,"完美潇洒! (被动：你的大部分法术不再伤害你自己)",,,,,
I_NEED_MORE_POWER,"幻影剑",,,,,,,,"幻影剑",,,,,
dI_NEED_MORE_POWER,"爱你的摸抛瓦! (右键切换攻击模式)",,,,,,,,"爱你的摸抛瓦! (右键切换攻击模式)",,,,,
MELODY,"星界和弦",,,,,,,,"星界和弦",,,,,
dMELODY,"爱来自泰拉瑞亚",,,,,,,,"爱来自泰拉瑞亚",,,,,
ULTIMATE,"究极火花",,,,,,,,"究极火花",,,,,
dULTIMATE,"数智之终 (按住鼠标左或右键切换追踪模式)",,,,,,,,"数智之终 (按住鼠标左或右键切换追踪模式)",,,,,
LINE_BREAKER,"断路器",,,,,,,,"断路器",,,,,
dLINE_BREAKER,"获得10法力并强制法杖进入充能",,,,,,,,"获得10法力并强制法杖进入充能",,,,,
SUICIDE_KING,"自杀之王",,,,,,,,"自杀之王",,,,,
dSUICIDE_KING,"真结局?",,,,,,,,"真结局?",,,,,
DE_RESET_ALL,"回溯",,,,,,,,"回溯",,,,,
dDE_RESET_ALL,"一切从头开始",,,,,,,,"一切从头开始",,,,,
ddMU,"施放当前魔杖中所有修正法术的复制品，无视它们对延迟、充能与法力的影响，然后抽取一个法术",,,,,,,,"施放当前魔杖中所有修正法术的复制品，无视它们对延迟、充能与法力的影响，然后抽取一个法术",,,,,
ddPHI,"施放当前魔杖中所有投射物法术的复制品，无视它们对延迟、充能与法力的影响",,,,,,,,"施放当前魔杖中所有投射物法术的复制品，无视它们对延迟、充能与法力的影响",,,,,
ddSIGMA,"施放当前魔杖中所有静态投射物法术的复制品，无视它们对延迟、充能与法力的影响",,,,,,,,"施放当前魔杖中所有静态投射物法术的复制品，无视它们对延迟、充能与法力的影响",,,,,
ddZETA,"复制你背包里的一个随机法术",,,,,,,,"复制你背包里的一个随机法术",,,,,
ddOMEGA,"释放除自己和刷新之外的所有法术",,,,,,,,"释放除自己和刷新之外的所有法术",,,,,
ddDUPLICATE,"释放手牌中除自己之外的所有法术",,,,,,,,"释放手牌中除自己之外的所有法术",,,,,
ddMONEY_MAGIC,"消耗你的所有金钱 提升等额的投射物伤害",,,,,,,,"消耗你的所有金钱 提升等额的投射物伤害",,,,,
log_chest_hamis_haha,"('o') 哈米斯开启了一个宝箱 ('o')",,,,,,,,"('o') 哈米斯开启了一个宝箱 ('o')",,,,,
de_omege_disc,"完美切割",,,,,,,,"完美切割",,,,,
animal_boss_centipede," 三 眼 ",,,,,,,," 三 眼 ",,,,,
animal_maggot_tiny," 洪 流 ",,,,,,,," 洪 流 ",,,,,
animal_fish_giga," 浪 潮 ",,,,,,,," 浪 潮 ",,,,,
animal_boss_alchemist," 炼 金 士 ",,,,,,,," 炼 金 士 ",,,,,
animal_boss_pit," 鉴 赏 家 ",,,,,,,," 鉴 赏 家 ",,,,,
animal_boss_meat," 肿 瘤 ",,,,,,,," 肿 瘤 ",,,,,
animal_boss_limbs," 瘟 疫 ",,,,,,,," 瘟 疫 ",,,,,
animal_boss_dragon," 寄 生 虫 ",,,,,,,," 寄 生 虫 ",,,,,
animal_islandspirit," 救 赎 ",,,,,,,," 救 赎 ",,,,,
animal_boss_wizard," 贤 者 ",,,,,,,," 贤 者 ",,,,,
animal_boss_robot," 战 争 机 器 ",,,,,,,," 战 争 机 器 ",,,,,
animal_boss_ghost," 未 定 义 ",,,,,,,," 未 定 义 ",,,,,
animal_boss_ghost_polyp,"异常",,,,,,,,"异常",,,,,
animal_ultimate_killer,"小朋友",,,,,,,,"小朋友",,,,,
animal_friend,"大朋友",,,,,,,,"大朋友",,,,,
defeat_boss_centipede_1,"三眼已被击败!",,,,,,,,"三眼已被击败!",,,,,
defeat_boss_centipede_2,"神明更警惕你了!",,,,,,,,"神明更警惕你了!",,,,,
defeat_boss_centipede_3,"下一个世界再见!",,,,,,,,"下一个世界再见!",,,,,
defeat_boss_alchemist_1,"疯狂炼金术士已被击败!",,,,,,,,"疯狂炼金术士已被击败!",,,,,
defeat_boss_alchemist_2,"点金无法再伤你分毫!",,,,,,,,"点金无法再伤你分毫!",,,,,
defeat_boss_ghost_1,"未定义已被击败!",,,,,,,,"未定义已被击败!",,,,,
defeat_boss_ghost_2,"你感觉周围的空气越来越冷!",,,,,,,,"你感觉周围的空气越来越冷!",,,,,
defeat_boss_meat_1,"肿瘤已被击败!",,,,,,,,"肿瘤已被击败!",,,,,
defeat_boss_meat_2,"深呼吸!",,,,,,,,"深呼吸!",,,,,
defeat_boss_robot_1,"战争机器已被击败!",,,,,,,,"战争机器已被击败!",,,,,
defeat_boss_robot_2,"大地无法将你束缚!",,,,,,,,"大地无法将你束缚!",,,,,
defeat_boss_spirit_1,"救赎已被击败!",,,,,,,,"救赎已被击败!",,,,,
defeat_boss_spirit_2,"你再也无法改变外形!",,,,,,,,"你再也无法改变外形!",,,,,
defeat_boss_wizard_1,"贤者已被击败!",,,,,,,,"贤者已被击败!",,,,,
defeat_boss_wizard_2,"你窥见了永生的秘密!",,,,,,,,"你窥见了永生的秘密!",,,,,
defeat_gate_monster,"你就这么喜欢人类吗?",,,,,,,,"你就这么喜欢人类吗?",,,,,
flee_boss_centipede_1,"面对我! 挑战者!!!",,,,,,,,"面对我! 挑战者!!!",,,,,
flee_boss_centipede_2,"你无法逃脱!",,,,,,,,"你无法逃脱!",,,,,
flee_boss_centipede_3,"精彩的速通",,,,,,,,"精彩的速通",,,,,
flee_boss_centipede_4,"让我来送你最后一程, 去完成它吧!",,,,,,,,"让我来送你最后一程, 去完成它吧!",,,,,
flee_boss_ghost_1,"你想要逃跑?",,,,,,,,"你想要逃跑?",,,,,
flee_boss_ghost_2,"但你无法全身而退!",,,,,,,,"但你无法全身而退!",,,,,
flee_boss_ghost_3,"你逃不掉!",,,,,,,,"你逃不掉!",,,,,
shoot_boss_spirit_1,"你这个魔鬼!",,,,,,,,"你这个魔鬼!",,,,,
shoot_boss_spirit_2,"忏悔吧!",,,,,,,,"忏悔吧!",,,,,
shoot_boss_spirit_3,"可怜的羔羊..",,,,,,,,"可怜的羔羊..",,,,,
debuff_boss_wizard_1,"可悲的造物!",,,,,,,,"可悲的造物!",,,,,
debuff_boss_wizard_2,"我来让你解脱",,,,,,,,"我来让你解脱",,,,,
defeat_boss_pit_0,"还没完呢!",,,,,,,,"还没完呢!",,,,,
recycle_1,"为什么我要帮你清理垃圾?",,,,,,,,"为什么我要帮你清理垃圾?",,,,,
recycle_2,"我只能给你这么多!",,,,,,,,"我只能给你这么多!",,,,,
recycle_3,"哇嗷, 我高兴炸炸炸炸炸炸了!!!",,,,,,,,"哇嗷, 我高兴炸炸炸炸炸炸了!!!",,,,,
biomemodifierdesc_MOIST_SUPER,"亚特兰蒂斯!!!",,,,,,,,"亚特兰蒂斯!!!",,,,,
biomemodifierdesc_ZERO_GRAVITY,"失重区!!!",,,,,,,,"失重区!!!",,,,,
biomemodifierdesc_HYPERGRAVITY,"恒星引力!!!",,,,,,,,"恒星引力!!!",,,,,
biomemodifierdesc_OVER_FUNGAL,"真菌入侵!!!",,,,,,,,"真菌入侵!!!",,,,,
dholy_mount_biome_modifiers,"这里有异常的重力?",,,,,,,,"这里有异常的重力?",,,,,
startingrecyelingbin,"这是什么，垃圾桶?",,,,,,,,"这是什么，垃圾桶?",,,,,
dstartingrecyelingbin,"位于背包时朝不需要的法术和法杖踢击以回收",,,,,,,,"位于背包时朝不需要的法术和法杖踢击以回收",,,,,
dbroken_wand,"铁砧在地下丛林圣山右边缘的正下方",,,,,,,,"铁砧在地下丛林圣山右边缘的正下方",,,,,
deep_end_temple_travel_mark,"圣山传送卷轴",,,,,,,,"圣山传送卷轴",,,,,
ddeep_end_temple_travel_mark,"丢出后打开地图会传送回它所属的圣山",,,,,,,,"丢出后打开地图会传送回它所属的圣山",,,,,
devil_eye,"令虚幻的敌人显形 \n需要三个才能使未定义显形",,,,,,,,"令虚幻的敌人显形 \n需要三个才能使未定义显形",,,,,
dwand_stone,"略微提升法力回复速度 免疫胡思乱想",,,,,,,,"略微提升法力回复速度 免疫胡思乱想",,,,,
itemdesc_key_0,"携带时免疫缴械并阻止收藏家复活",,,,,,,,"携带时免疫缴械并阻止收藏家复活",,,,,
actiondesc_broken_spell,"内含7个随机法术",,,,,,,,"内含7个随机法术",,,,,
actiondesc_summon_portal,"重铸垃圾桶来找回丢失的坐标",,,,,,,,"重铸垃圾桶来找回丢失的坐标",,,,,
goldenrecyelingbin,"纯金垃圾桶",,,,,,,,"纯金垃圾桶",,,,,
dgoldenrecyelingbin,"根据受到的伤害进入不同的NG",,,,,,,,"根据受到的伤害进入不同的NG",,,,,
deep_end_map_tele_1,"超传能力已解锁! (需要拥有冲刺教程天赋)",,,,,,,,"超传能力已解锁! (需要拥有冲刺教程天赋)",,,,,
deep_end_map_tele_2,"呼出地图后按下发射钩爪键可以跃迁至光标坐标",,,,,,,,"呼出地图后按下发射钩爪键可以跃迁至光标坐标",,,,,
deep_end_map_tele_3,"已跃迁至: ",,,,,,,,"已跃迁至: ",,,,,
deep_end_forget_everything_1,"没有什么存在是永恒的",,,,,,,,"没有什么存在是永恒的",,,,,
deep_end_forget_everything_2,"除了你... 这个世界的异类",,,,,,,,"除了你... 这个世界的异类",,,,,
item_golden_hamis,"纯金国王雕像",,,,,,,,"纯金国王雕像",,,,,
Metal_Magic_Deep_End,"异维钢",,,,,,,,"异维钢",,,,,
Rock_Magic_Deep_End,"奥秘砖",,,,,,,,"奥秘砖",,,,,
Wood_Deep_End,"尖叫木",,,,,,,,"尖叫木",,,,,
Eucharist_Deep_End,"圣餐?",,,,,,,,"圣餐?",,,,,
Bouncing_Burst_powder,"憨豆",,,,,,,,"憨豆",,,,,
Firebolt_powder,"火元素",,,,,,,,"火元素",,,,,
Pollen_powder,"蒲公英",,,,,,,,"蒲公英",,,,,
Lightning_Spells_powder,"电子",,,,,,,,"电子",,,,,
Disc_powder,"刃元素",,,,,,,,"刃元素",,,,,
Vigour_powder,"活力粉末",,,,,,,,"活力粉末",,,,,
Cell_Eater_powder,"吞噬粉末",,,,,,,,"吞噬粉末",,,,,
Witch_powder,"巫婆粉末",,,,,,,,"巫婆粉末",,,,,
super_urine,"原尿",,,,,,,,"原尿",,,,,
super_beer,"牛啤",,,,,,,,"牛啤",,,,,
deep_end_magic_acid,"魔酸",,,,,,,,"魔酸",,,,,
deep_end_creepy_liquid,"噩梦",,,,,,,,"噩梦",,,,,
deep_end_hush,"死寂",,,,,,,,"死寂",,,,,
text_status_de_expelliarmus,"你被缴械了!!!",,,,,,,,"你被缴械了!!!",,,,,
status_de_hp_up,"缓慢自愈",,,,,,,,"缓慢自愈",,,,,
dstatus_de_hp_up,"你的伤口正在自行愈合..",,,,,,,,"你的伤口正在自行愈合..",,,,,
status_de_addiction,"药物成瘾",,,,,,,,"药物成瘾",,,,,
dstatus_de_addiction,"你沉浸在过激幻觉中....",,,,,,,,"你沉浸在过激幻觉中....",,,,,
status_de_crippled,"致残",,,,,,,,"致残",,,,,
dstatus_de_crippled,"每次受伤将扣除已损失生命值3.5%的生命上限!",,,,,,,,"每次受伤将扣除已损失生命值3.5%的生命上限!",,,,,
status_de_dizzy,"天旋地转",,,,,,,,"天旋地转",,,,,
dstatus_de_dizzy,"你感觉所有东西都在晃动!",,,,,,,,"你感觉所有东西都在晃动!",,,,,
status_de_no_edit,"胡思乱想",,,,,,,,"胡思乱想",,,,,
dstatus_de_no_edit,"你无法沉下心来编辑法杖!",,,,,,,,"你无法沉下心来编辑法杖!",,,,,
status_de_no_heal,"心律不齐",,,,,,,,"心律不齐",,,,,
dstatus_de_no_heal,"你无法被治疗!",,,,,,,,"你无法被治疗!",,,,,
status_de_fireball_ray,"易燃易爆炸",,,,,,,,"易燃易爆炸",,,,,
dstatus_de_fireball_ray,"你正在抛洒你的怒火!",,,,,,,,"你正在抛洒你的怒火!",,,,,
de_gravity_potion,"重力",,,,,,,,"重力",,,,,
dde_gravity_potion,"掌握重力!",,,,,,,,"掌握重力!",,,,,
ddde_gravity_potion,"你可以操控自己的重力?!",,,,,,,,"你可以操控自己的重力?!",,,,,
de_laser_eye,"眼药水",,,,,,,,"眼药水",,,,,
dde_laser_eye,"激光眼!",,,,,,,,"激光眼!",,,,,
ddde_laser_eye,"我的眼睛会发激光!!!",,,,,,,,"我的眼睛会发激光!!!",,,,,
de_hardener,"硬化剂",,,,,,,,"硬化剂",,,,,
dde_hardener,"坚不可摧!",,,,,,,,"坚不可摧!",,,,,
ddde_hardener,"没有什么东西能够撼动你...",,,,,,,,"没有什么东西能够撼动你...",,,,,
taprilfool,"我是谁? 我在哪? 我要干什么?",,,,,,,,"我是谁? 我在哪? 我要干什么?",,,,,
txmas_1,"圣诞快乐!",,,,,,,,"圣诞快乐!",,,,,
txmas_2,"大家似乎都对你友善了一些",,,,,,,,"大家似乎都对你友善了一些",,,,,
thalloween_1,"万圣夜快乐!",,,,,,,,"万圣夜快乐!",,,,,
thalloween_2,"你似乎倍受捣蛋鬼喜爱...",,,,,,,,"你似乎倍受捣蛋鬼喜爱...",,,,,
thallowmas_1,"万圣节快乐!",,,,,,,,"万圣节快乐!",,,,,
thallowmas_2,"捣蛋鬼缠着你不放...",,,,,,,,"捣蛋鬼缠着你不放...",,,,,
tnewyear_0,"新年快乐!",,,,,,,,"新年快乐!",,,,,
tnewyear_1,"元旦快乐!",,,,,,,,"元旦快乐!",,,,,
tnewyear_2,"这是给你的红包!",,,,,,,,"这是给你的红包!",,,,,
speed_run_broadcast_0,"秒",,,,,,,,"秒",,,,,
speed_run_broadcast_1,"你的到达时间: ",,,,,,,,"你的到达时间: ",,,,,
speed_run_broadcast_2,"速通奖励要求: ",,,,,,,,"速通奖励要求: ",,,,,
speed_run_broadcast_3,"下一层的要求: ",,,,,,,,"下一层的要求: ",,,,,
speed_run_broadcast_4,"秒剩余 )",,,,,,,,"秒剩余 )",,,,,
speed_run_final_stage_mania,"做足准备, 迎战三眼!",,,,,,,,"做足准备, 迎战三眼!",,,,,
speed_run_final_stage,"活着见到三眼, 它会送你回去的!",,,,,,,,"活着见到三眼, 它会送你回去的!",,,,,
dSword,"撕裂",,,,,,,,"撕裂",,,,,
dMalfunction,"故障",,,,,,,,"故障",,,,,
deep_end_drone_physics_hell,"蜉蝣屠夫",,,,,,,,"蜉蝣屠夫",,,,,
deep_end_ultimate_ultra_killer,"友谊之神",,,,,,,,"友谊之神",,,,,
deep_end_fox,"狐",,,,,,,,"狐",,,,,
deep_end_super_fish,"厨师的杰作",,,,,,,,"厨师的杰作",,,,,
deep_end_pickup_orb_evil,"你把奶酪放出来了!!!",,,,,,,,"你把奶酪放出来了!!!",,,,,
deep_end_pickup_orb_discovered,"你打开了潘多拉的魔盒!!!",,,,,,,,"你打开了潘多拉的魔盒!!!",,,,,
log_altar_magic_deep_end_hamis_party,"派对时间!",,,,,,,,"派对时间!",,,,,
log_altar_magic_deep_end_chaos,"忍住你的好奇心!",,,,,,,,"忍住你的好奇心!",,,,,
log_altar_magic_deep_end_boss_summon,"引以为戒!",,,,,,,,"引以为戒!",,,,,
deep_end_new_game_,"新游戏",,,,,,,,"新游戏",,,,,
deep_end_new_game_for_newgame_zero,"等一下, 我们是不是又见面了?",,,,,,,,"等一下, 我们是不是又见面了?",,,,,
deep_end_new_game_for_newgame_minus,"给我干哪来了?",,,,,,,,"给我干哪来了?",,,,,
deep_end_new_game_for_newgame_over,"够了!!",,,,,,,,"够了!!",,,,,
deep_end_new_game_tip_1,"正在重置世界...",,,,,,,,"正在重置世界...",,,,,
deep_end_new_game_tip_2,"请 勿 重 复 重 置 世 界 !",,,,,,,,"请 勿 重 复 重 置 世 界 !",,,,,
log_gamefx_respawn,oi! 绝不认输!,,,,,,,,"oi! 绝不认输!",,,,,
gold_giant_dollar,贪婪雕像,,,,,,,,贪婪雕像,,,,,
map_text,"(在模组设置中选择要游玩的地图)",,,,,,,,"(在模组设置中选择要游玩的地图)",,,,,
tip_text_classic,"在混乱中平衡的世界",,,,,,,,"在混乱中平衡的世界",,,,,
tip_text_neddle,"在高墙缝隙中生存的世界",,,,,,,,"在高墙缝隙中生存的世界",,,,,
tip_text_thorny,"充满黑暗和危机的世界",,,,,,,,"充满黑暗和危机的世界",,,,,
tip_text_wasteland,"机械与枪弹的世界",,,,,,,,"机械与枪弹的世界",,,,,
tip_text_doomsday,"充满恶意的世界",,,,,,,,"充满恶意的世界",,,,,
deep_end_wand_name_0,"法杖",,,,,,,,"法杖",,,,,
deep_end_wand_name_1,"反式法杖",,,,,,,,"反式法杖",,,,,
deep_end_wand_name_2,"旧式法杖",,,,,,,,"旧式法杖",,,,,
deep_end_wand_affix_1,"截短的",,,,,,,,"截短的",,,,,
deep_end_wand_affix_2,"扩容的",,,,,,,,"扩容的",,,,,
deep_end_wand_affix_3,"精致的",,,,,,,,"精致的",,,,,
deep_end_wand_affix_4,"精细的",,,,,,,,"精细的",,,,,
deep_end_wand_affix_5,"粗糙的",,,,,,,,"粗糙的",,,,,
deep_end_wand_affix_6,"粗劣的",,,,,,,,"粗劣的",,,,,
deep_end_wand_affix_7,"沉重的",,,,,,,,"沉重的",,,,,
deep_end_wand_affix_8,"重的",,,,,,,,"重的",,,,,
deep_end_wand_affix_9,"轻的",,,,,,,,"轻的",,,,,        
deep_end_wand_affix_10,"轻盈的",,,,,,,,"轻盈的",,,,,
deep_end_wand_affix_11,"灵巧的",,,,,,,,"灵巧的",,,,,
deep_end_wand_affix_12,"灵活的",,,,,,,,"灵活的",,,,,
deep_end_wand_affix_13,"呆板的",,,,,,,,"呆板的",,,,,
deep_end_wand_affix_14,"呆滞的",,,,,,,,"呆滞的",,,,,
deep_end_wand_affix_15,"快速的",,,,,,,,"快速的",,,,,
deep_end_wand_affix_16,"快的",,,,,,,,"快的",,,,,
deep_end_wand_affix_17,"慢的",,,,,,,,"慢的",,,,,
deep_end_wand_affix_18,"缓慢的",,,,,,,,"缓慢的",,,,,
deep_end_wand_affix_19,"后倾的",,,,,,,,"后倾的",,,,,
deep_end_wand_affix_20,"前倾的",,,,,,,,"前倾的",,,,,
deep_end_wand_affix_21,"缩水的",,,,,,,,"缩水的",,,,,
deep_end_wand_affix_22,"巨化的",,,,,,,,"巨化的",,,,,
deep_end_wand_affix_23,"过载的",,,,,,,,"过载的",,,,,
deep_end_wand_affix_24,"锐利的",,,,,,,,"锐利的",,,,,
deep_end_wand_affix_25,"双发的",,,,,,,,"双发的",,,,,
deep_end_wand_affix_26,"勇猛的",,,,,,,,"勇猛的",,,,,
deep_end_wand_affix_27,"均衡的",,,,,,,,"均衡的",,,,,
deep_end_wand_affix_28,"遗传的",,,,,,,,"遗传的",,,,,
deep_end_wand_affix_29,"变异的",,,,,,,,"变异的",,,,,
deep_end_wand_affix_30,"神秘的",,,,,,,,"神秘的",,,,,
menu_ok,走你,,,,,,,,走你,,,,,
menu_continue,"继续",,,,,,,,"继续",,,,,
menu_newgame,"Roll",,,,,,,,"Roll",,,,,
menu_progress,"进展",,,,,,,,"进展",,,,,
menu_options,选项,,,,,,,,选项,,,,,
menu_mods,"模组",,,,,,,,"模组",,,,,
menu_mods_settings,>>>>>>>>>>>>>>>>>>>>>>>>>>>>< 模组设置 ><<<<<,,,,,,,,>>>>>>>>>>>>>>>>>>>>>>>>>>>>< 模组设置 ><<<<<,,,,,
menu_releasenotes,,,,,,,,,,,,,,
menu_saveandquit,">>>>>>>>>>>>>>>>>>>>>>>>>>>>>>>>>>>>>>>>>>>>>>>>>>>>>>>>>>>>>>>>>>>>>>>>>>>>>>>>>>>>>>>>>>>>>>>>>>>>>>>>>>>>>>>>>>>>>>>>>>>>>>>>>>>>>>>>>>>再见<<<<<<<<<<<<<<<<<<<<<<<<<<<<<<<<<<<<<<<<<<<<<<<<<<<<<<<<<<<<<<<<<<<<<<<<<<<<<<<<<<<<<<<<<<<<<<<<<<<<<<<<<<<<<<<<<<<<<<<<<<<<<<<<<<<<<<<<<<<",,,,,,,,">>>>>>>>>>>>>>>>>>>>>>>>>>>>>>>>>>>>>>>>>>>>>>>>>>>>>>>>>>>>>>>>>>>>>>>>>>>>>>>>>>>>>>>>>>>>>>>>>>>>>>>>>>>>>>>>>>>>>>>>>>>>>>>>>>>>>>>>>>>再见<<<<<<<<<<<<<<<<<<<<<<<<<<<<<<<<<<<<<<<<<<<<<<<<<<<<<<<<<<<<<<<<<<<<<<<<<<<<<<<<<<<<<<<<<<<<<<<<<<<<<<<<<<<<<<<<<<<<<<<<<<<<<<<<<<<<<<<<<<<",,,,,
deep_end_translations,"深渊",,,,,,,,"深渊",,,,,
